s_num,ep_num,eid
1,1,S01E001
1,2,S01E002
1,3,S01E003
1,4,S01E004
1,5,S01E005
1,6,S01E006
1,7,S01E007
1,8,S01E008
1,9,S01E009
1,10,S01E010
1,11,S01E011
1,12,S01E012
1,13,S01E013
1,14,S01E014
1,15,S01E015
1,16,S01E016
1,17,S01E017
1,18,S01E018
1,19,S01E019
1,20,S01E020
1,21,S01E021
1,22,S01E022
1,23,S01E023
1,24,S01E024
1,25,S01E025
1,26,S01E026
1,27,S01E027
1,28,S01E028
2,29,S02E029
2,30,S02E030
2,31,S02E031
2,32,S02E032
2,33,S02E033
2,34,S02E034
2,35,S02E035
2,36,S02E036
2,37,S02E037
2,38,S02E038
2,39,S02E039
2,40,S02E040
2,41,S02E041
2,42,S02E042
2,43,S02E043
2,44,S02E044
2,45,S02E045
2,46,S02E046
2,47,S02E047
2,48,S02E048
2,49,S02E049
2,50,S02E050
2,51,S02E051
2,52,S02E052
2,53,S02E053
2,54,S02E054
2,55,S02E055
2,56,S02E056
2,57,S02E057
2,58,S02E058
2,59,S02E059
3,60,S03E060
3,61,S03E061
3,62,S03E062
3,63,S03E063
3,64,S03E064
3,65,S03E065
3,66,S03E066
3,67,S03E067
3,68,S03E068
3,69,S03E069
3,70,S03E070
3,71,S03E071
3,72,S03E072
3,73,S03E073
3,74,S03E074
3,75,S03E075
3,76,S03E076
3,77,S03E077
3,78,S03E078
3,79,S03E079
3,80,S03E080
3,81,S03E081
3,82,S03E082
3,83,S03E083
3,84,S03E084
3,85,S03E085
3,86,S03E086
3,87,S03E087
3,88,S03E088
3,89,S03E089
3,90,S03E090
3,91,S03E091
3,92,S03E092
4,93,S04E093
4,94,S04E094
4,95,S04E095
4,96,S04E096
4,97,S04E097
4,98,S04E098
4,99,S04E099
4,100,S04E100
4,101,S04E101
4,102,S04E102
4,103,S04E103
4,104,S04E104
4,105,S04E105
4,106,S04E106
4,107,S04E107
4,108,S04E108
4,109,S04E109
4,110,S04E110
4,111,S04E111
4,112,S04E112
4,113,S04E113
4,114,S04E114
4,115,S04E115
4,116,S04E116
4,117,S04E117
4,118,S04E118
4,119,S04E119
4,120,S04E120
4,121,S04E121
4,122,S04E122
4,123,S04E123
4,124,S04E124
4,125,S04E125
4,126,S04E126
4,127,S04E127
4,128,S04E128
4,129,S04E129
5,130,S05E130
5,131,S05E131
5,132,S05E132
5,133,S05E133
5,134,S05E134
5,135,S05E135
5,136,S05E136
5,137,S05E137
5,138,S05E138
5,139,S05E139
5,140,S05E140
5,141,S05E141
5,142,S05E142
5,143,S05E143
5,144,S05E144
5,145,S05E145
5,146,S05E146
5,147,S05E147
5,148,S05E148
5,149,S05E149
5,150,S05E150
5,151,S05E151
5,152,S05E152
5,153,S05E153
5,154,S05E154
5,155,S05E155
5,156,S05E156
5,157,S05E157
5,158,S05E158
5,159,S05E159
5,160,S05E160
5,161,S05E161
5,162,S05E162
5,163,S05E163
5,164,S05E164
6,165,S06E165
6,166,S06E166
6,167,S06E167
6,168,S06E168
6,169,S06E169
6,170,S06E170
6,171,S06E171
6,172,S06E172
6,173,S06E173
6,174,S06E174
6,175,S06E175
6,176,S06E176
6,177,S06E177
6,178,S06E178
6,179,S06E179
6,180,S06E180
6,181,S06E181
6,182,S06E182
6,183,S06E183
6,184,S06E184
6,185,S06E185
6,186,S06E186
6,187,S06E187
6,188,S06E188
6,189,S06E189
6,190,S06E190
6,191,S06E191
6,192,S06E192
6,193,S06E193
6,194,S06E194
6,195,S06E195
6,196,S06E196
6,197,S06E197
7,198,S07E198
7,199,S07E199
7,200,S07E200
7,201,S07E201
7,202,S07E202
7,203,S07E203
7,204,S07E204
7,205,S07E205
7,206,S07E206
7,207,S07E207
7,208,S07E208
7,209,S07E209
7,210,S07E210
7,211,S07E211
7,212,S07E212
7,213,S07E213
7,214,S07E214
7,215,S07E215
7,216,S07E216
7,217,S07E217
7,218,S07E218
7,219,S07E219
7,220,S07E220
7,221,S07E221
7,222,S07E222
7,223,S07E223
7,224,S07E224
7,225,S07E225
7,226,S07E226
7,227,S07E227
8,228,S08E228
8,229,S08E229
8,230,S08E230
8,231,S08E231
8,232,S08E232
8,233,S08E233
8,234,S08E234
8,235,S08E235
8,236,S08E236
8,237,S08E237
8,238,S08E238
8,239,S08E239
8,240,S08E240
8,241,S08E241
8,242,S08E242
8,243,S08E243
8,244,S08E244
8,245,S08E245
8,246,S08E246
8,247,S08E247
8,248,S08E248
8,249,S08E249
8,250,S08E250
8,251,S08E251
8,252,S08E252
8,253,S08E253
8,254,S08E254
9,255,S09E255
9,256,S09E256
9,257,S09E257
9,258,S09E258
9,259,S09E259
9,260,S09E260
9,261,S09E261
9,262,S09E262
9,263,S09E263
9,264,S09E264
9,265,S09E265
9,266,S09E266
9,267,S09E267
9,268,S09E268
9,269,S09E269
9,270,S09E270
9,271,S09E271
9,272,S09E272
9,273,S09E273
9,274,S09E274
9,275,S09E275
9,276,S09E276
9,277,S09E277
9,278,S09E278
9,279,S09E279
9,280,S09E280
10,281,S10E281
10,282,S10E282
10,283,S10E283
10,284,S10E284
10,285,S10E285
10,286,S10E286
11,287,S11E287
11,288,S11E288
11,289,S11E289
11,290,S11E290
11,291,S11E291
11,292,S11E292
12,293,S12E293
12,294,S12E294
12,295,S12E295
12,296,S12E296
12,297,S12E297
12,298,S12E298
12,299,S12E299
12,300,S12E300
12,301,S12E301
12,302,S12E302
12,303,S12E303
12,304,S12E304
12,305,S12E305
12,306,S12E306
12,307,S12E307
12,308,S12E308
12,309,S12E309
12,310,S12E310
12,311,S12E311
12,312,S12E312
12,313,S12E313
12,314,S12E314
12,315,S12E315
12,316,S12E316
12,317,S12E317
12,318,S12E318
12,319,S12E319
12,320,S12E320
12,321,S12E321
12,322,S12E322
12,323,S12E323
12,324,S12E324
12,325,S12E325
12,326,S12E326
12,327,S12E327
12,328,S12E328
12,329,S12E329
12,330,S12E330
12,331,S12E331
12,332,S12E332
12,333,S12E333
12,334,S12E334
12,335,S12E335
12,336,S12E336
12,337,S12E337
12,338,S12E338
12,339,S12E339
12,340,S12E340
12,341,S12E341
12,342,S12E342
12,343,S12E343
12,344,S12E344
12,345,S12E345
12,346,S12E346
12,347,S12E347
13,348,S13E348
13,349,S13E349
13,350,S13E350
13,351,S13E351
13,352,S13E352
13,353,S13E353
13,354,S13E354
13,355,S13E355
13,356,S13E356
13,357,S13E357
13,358,S13E358
13,359,S13E359
13,360,S13E360
13,361,S13E361
13,362,S13E362
13,363,S13E363
13,364,S13E364
13,365,S13E365
13,366,S13E366
13,367,S13E367
13,368,S13E368
13,369,S13E369
13,370,S13E370
13,371,S13E371
13,372,S13E372
13,373,S13E373
13,374,S13E374
13,375,S13E375
13,376,S13E376
13,377,S13E377
13,378,S13E378
13,379,S13E379
13,380,S13E380
13,381,S13E381
13,382,S13E382
13,383,S13E383
13,384,S13E384
13,385,S13E385
13,386,S13E386
13,387,S13E387
13,388,S13E388
13,389,S13E389
13,390,S13E390
13,391,S13E391
13,392,S13E392
13,393,S13E393
13,394,S13E394
13,395,S13E395
13,396,S13E396
