seg_name,ep_num,s_num
1987 Jane Doe,220,7
1987 Jane Doe body found off a cliff,211,7
1990 Jane Doe hit by a car,211,7
A capture of a federal fugitive,250,8
A missing persons case from 1995 (possibly Amal and Wafa Abdallah),267,9
A viewer tip that led a Miami woman to the son she hadn't seen for 23 years (possibly Patrick Ackles),240,8
A woman trying to locate her mother and siblings,241,8
A.J. Breaux,137,5
A.J. Breaux,154,5
Acton Campground,250,8
Adam Emery,201,7
Adam Hecht,64,3
Adam's Treasure,75,3
Adam's Treasure,110,4
Agatha Christie,204,7
Agustin Mendoza,258,9
Aimee Willard,276,9
Alamo Treasure,215,7
Alamo Treasure,216,7
Alan Golder,290,11
Alan Golder,303,12
Alan Verl Sneed,201,7
Albert DeSalvo,362,13
Albert DeSalvo aka The Boston Strangler,194,6
Albert Leon Fletcher,240,8
Albert Leon Fletcher,256,9
Alejandro Espinosa,50,2
Alene Courchesne,145,5
Alene Courchesne,161,5
Alene Courchesne,386,13
Alex Cooper,94,4
Alex Cooper,116,4
Alex Kelly,265,9
Alexander (Savior of Siegfried Laier),200,7
Alexander Olive,142,5
Alexander Olive,160,5
Alicia Showalter Reynolds,261,9
Alie Berrelez,231,8
Allie Ingrid Trigg,231,8
Alvaro Zapata,35,2
Amadeo Marcelo,230,8
Amadeo Marcelo,231,8
Amazon Women,277,9
"Amber Swartz, Ilene Misheloff, Nikki Campbell, Michaela Garecht",351,13
Amelia Earhart,67,3
Amelia Earhart,77,3
Amelia Earhart,118,4
Amtrak Derailment,251,8
Amy Billig,181,6
Amy Bradley,290,11
Amy Bradley,298,12
Amy Wroe Bechtel,289,11
Amy Wroe Bechtel,297,12
An Iowa woman's success in locating two of her three siblings,243,8
An adoptee's search for three siblings (possibly The Siblings of Jeff Linn),240,8
An update on a family's reunion,241,8
Andolina Gonzalez,167,6
Andolina Gonzalez,219,7
Andre Jones,182,6
Andre Wilson,255,9
Andre Wilson,271,9
Andy Cook,264,9
Andy Cook,268,9
Angela Bugay,351,13
Angela Cummings,86,3
Angela Hammond,111,4
Angeline Dewey,114,4
Angelo Desideri,14,1
Angelo Desideri,23,1
Angels Janie Halliday/Estela Vera,195,6
Anita Green,188,6
Ann Corricelli and Lena Marie Wilson,36,2
Ann Corricelli and Lena Marie Wilson,42,2
Ann Kibalo,358,13
Ann Sigmin and Garey Goff,8,1
Ann Sigmin and Garey Goff,44,2
Anna Anderson,167,6
Anna Anderson,177,6
Annie Currie,106,4
Annie Hearin,5,1
Annie Hearin,20,1
Anthonette Cayedito,144,5
Anthrax Killer,356,13
Antonio Castro,228,8
Antonio Moses,246,8
Antonio Moses,248,8
Antranik Geuvjehizian,231,8
April Gregory,255,9
April Gregory,341,12
Armando Garcia,179,6
Arnold Archambeau and Ruby Bruguier,220,7
Art Silva,94,4
Art Silva,95,4
Arthur Frankford,11,1
Arthur Frankford,14,1
Arthur Jones,101,4
Arthur Jones,120,4
Arthur Lloyd,159,5
Arthur Lopez Jr.,318,12
Arthur Washington Jr.,75,3
Astarte Davis,84,3
Atlanta/Spokane Bomber,278,9
Attacker of Debbie,71,3
Audrey Moate,19,1
Audrey Santo,287,11
Avery James Norris,31,2
Avery Norris,40,2
Avery Norris,56,2
Barbara Jean Horn,6,1
Barbara Jean Horn,26,1
Baron 52,97,4
Baron 52,115,4
Bashir Kouchacji,151,5
Beaty Castle,113,4
Beaty Castle,124,4
Becky Terry,140,5
Becky Terry,141,5
Becky Terry,159,5
Bee Sting Healing,265,9
Belgium UFO,104,4
Belgium UFO,125,4
Benny Franklin Miller,185,6
Bermuda Triangle,61,3
Bermuda Triangle,92,3
Bernie and Calvin Seaton,156,5
Betty Cash and Vickie Landrum,78,3
Betty Field,123,4
Betty Landers,201,7
Beverly McGowan,103,4
Beverly McGowan,123,4
Bigfoot in Colorado,16,1
Bigfoot in the Northwest,195,6
Bike Path Rapist,243,8
Bill Henderson,124,4
Bill Henderson,127,4
Bill Roberts,146,5
Bill Roberts,158,5
Bill and Cynthia Zelinski,37,2
Bill and Cynthia Zelinski,46,2
Bill and Dorothy Wacker,195,6
Bill and Dorothy Wacker,341,12
Billie and Joey Rogers,32,2
Billie and Joey Rogers,34,2
Billie and Joey Rogers,37,2
Billie and Joey Rogers,48,2
Billy Ray Sisson,269,9
Blair Adams,274,9
Blas Canedo,55,2
Blind River Killer,153,5
Blinking Crucifix,30,2
Blinking Crucifix,43,2
Bo Tanner,105,4
Bob Dozier and John Russell,5,1
Bob Dozier and John Russell,7,1
Bobbi Parker,217,7
Bobbi Parker,389,13
Bobbie Oberholtzer and Annette Schnee,86,3
Bobby Fuller,257,9
Bobby Fuller,377,13
Bonnie Craig,389,13
Bonnie Haim,237,8
Bonnie Wilder,33,2
Boo / Oscar / Ringo,264,9
Boston Rapist,55,2
Brad Bishop,75,3
Brad Bishop,385,13
Brandon Fagan,83,3
Brandon Fagan,84,3
Brandon Fagan,92,3
Brandon Lee,228,8
Brayman Road Attacker,44,2
Brazos River Attackers,229,8
Brazos River Attackers,230,8
Breanna Smith and Ryan Heath,224,7
Brenda Penniger and Nadine Castelle,166,6
Brian Brophil,163,5
Brian Brophil,184,6
Brian Foguth,236,8
Brook Baker,287,11
Bruce Bradney,183,6
Bruce Kelly,165,6
Bruce Kelly,176,6
Bruce Kelly,350,13
Bruce and Rosa,256,9
Bruno and Bobo,9,1
Brushy Bill Roberts aka Billy the Kid,18,1
Bryan Nisenfeld,295,12
Bugsy Siegel,287,11
Burrowing Burglars,17,1
Butch Cassidy,79,3
Butcher Of Kingsbury Run,102,4
Cachimba,165,6
Cachimba,177,6
Caddy in Western Canada,235,8
Cam Lyman,292,11
Canada Crop Circles,374,13
Cancer Dogs,267,9
Candice and Sharina Berry,252,8
Candice and Sharina Berry,259,9
Candice and Sharina Berry,274,9
Candy Belt and Gloria Ross,281,10
Candy and Roxy,272,9
Candy and Roxy,328,12
Carl Alfred Eder,15,1
Carl And Mary Dennie,255,9
Carl McWilliams,313,12
Carl and Mary Dennie,233,8
Carl and Mary Dennie,242,8
Carla Wright,39,2
Carlos Alvarez,33,2
Carlos Berdeja,331,12
Carlos Garcia,218,7
Carmen Charneco,269,9
"Carolyn Hebert, Elaine Emmi and Linda Babb",188,6
Carolyn Hebert/Elaine Emmi/Linda Babb,324,12
Carolyn Reynolds,388,13
Carolyn Reynolds links astrological charts to serial killers.,275,9
Carson Prince,383,13
Catherine and James Durkin,68,3
Cathy Ferner,140,5
Cawood Burglary,257,9
Ceara O'Connell,269,9
Cecelia Ortega,188,6
Cecilia Newball and Rene Perez Jr.,221,7
Chad Langford,152,5
Chad Maurer,107,4
Chad Maurer,350,13
Chaim Weiss,122,4
Chaim Weiss,364,13
Chair of Death,285,10
Chance Wackerhagen,214,7
Chandra Levy and Joyce Chiang,348,13
Chansami and Abby Thammavong,289,11
Charlene Richard,292,11
Charles Horvath,179,6
Charles Morgan,47,2
Charles Mule,18,1
Charles Mule,29,2
Charles Nungesser and Francois Coli,23,1
Charles Shelton,138,5
Charles Southern Jr.,231,8
Charles Warren Boomer,124,4
Charles Warren Boomer,134,5
Charles Warren Boomer,146,5
Charles Warren Boomer (a.k.a) The Satchel Bandit,113,4
Charles Wickman,20,1
Charles Wickman,35,2
Charles Wilson Chester,38,2
Charles and Christopher Smith,80,3
Charlie Anderson,195,6
Charlotte Pollis,248,8
Chase Bowman,276,9
Cheryl Holland,114,4
Cheryl Holland,123,4
Cheryl Kenney,111,4
Chevy Chase Bandit,4,1
Chevy Chase Bandit,34,2
Christene and Nick Skubish,269,9
Christi Nichols,6,1
Christian Karl Gerhartsreiter,210,7
Christina Smith,57,2
Christine Mirzayan,348,13
Christophe Day,123,4
Christopher Griffin,174,6
Christopher Kurowski,168,6
Christopher Kurowski,180,6
Christopher Kurowski,265,9
Chrystal Didonato and Jessica Abraham,282,10
Chuck Smith,80,3
Chucky McGivern,144,5
Chupacabras,249,8
Chupacabras,370,13
Church Arsonist,105,4
Cindy James,79,3
Cindy Song,394,13
Cindy Wismiller,343,12
Circleville Writer,204,7
Clarence and Geneva Roberts,9,1
Claudia Kirschhoch,329,12
Clay Taylor,61,3
Clayton Waagner,320,12
Clifford Sherwood and George Gumbly,388,13
Clifford Sherwood/George Gumbly,133,5
Cogni-tech,222,7
Cokeville Elementary School Explosion,263,9
Colleen Reed,121,4
Colleen Wood,376,13
Comet/Earth Collision,268,9
Connecticut River Valley Killer,96,4
Connecticut River Valley Killer,110,4
Connie Jean Helton,264,9
Connie Jo Hamilton,140,5
Connie Jo Hamilton,149,5
Conradina Olson,73,3
Coral Polge,70,3
Corrine Gustavson,174,6
Cowboy Bandit,68,3
Cozette Hansen,140,5
Craig Pritchert and Nova Guthrie,302,12
Craig Walker,303,12
Craig Williamson,195,6
Craig Williamson,232,8
Craig Williamson,238,8
Crash and Dash Robberies,37,2
Crash and Dash Robberies,57,2
Crazy Glue Bandit,16,1
Crystal Spencer,82,3
Curtis Pishon,342,12
Curtis Watson,21,1
Cynthia Anderson,42,2
Cynthia Armistead/Jayne Hitchcock,276,9
Cyril Wecht,209,7
D.B. Cooper,2,1
Dale Hyde,50,2
Dale Hyde,57,2
Dale Hyde,113,4
Dale Kerstetter,33,2
Dale Williams,392,13
Daly City Man,178,6
Damien Corrente,388,13
Dan Short,51,2
Dan Tondevold,106,4
Dan Wilson,62,3
Dan Wilson,83,3
Dana Satterfield,278,9
Dannion Brinkley,202,7
Danny Casolaro,153,5
Danny Marino,175,6
Danny Marino,186,6
Danny Marino/Al Tom and Ricky Nelson,174,6
Danny Piñeda,179,6
Danny Williams,166,6
Danny and Kathy Freeman,294,12
Daphne Boyden,262,9
Daphne Boyden,383,13
Darlene Messer,101,4
Darlene and Davida Ebmeier,115,4
Darlie Routier,325,12
Dave Bocks,186,6
Davey Estright,222,7
David Alex Alvarez,268,9
David Borer,45,2
David Brian Williams,174,6
David Chase,259,9
David Coleman,257,9
David Coleman,259,9
David Cox,246,8
David Cox,253,8
David Davis,13,1
David Davis,48,2
David Estright,222,7
David Fisher,39,2
David Fisher,51,2
David Fisher,217,7
David Freeman,252,8
David Freeman,257,9
David Gause,234,8
David Gause,278,9
David Gordon Smith,133,5
David Gordon Smith,160,5
David Hurley,156,5
David Ivey,222,7
David Ivey,231,8
David Kemp,364,13
David MacLeod,171,6
David MacLeod,185,6
David Merrifield,233,8
David Merrifield,242,8
David Morehouse,271,9
David O'Neil,97,4
David Rhodes,24,1
David Rhodes,27,1
David Shipenburg,326,12
David Shublak,277,9
David Stone,66,3
David Thies,33,2
David Thompson,276,9
David Tyll and Brian Ognjan,33,2
David Viera,190,6
David Viera,191,6
David Viera,195,6
David Viera,385,13
DeFallah Al-Salem,178,6
Debbie Wolfe,73,3
Deborah Poe,101,4
Debra and Diana Cordova,315,12
Dede Rosenthal,158,5
Dee Klepper and Gus Ortega,301,12
Dennis DePue,82,3
Dennis DePue,83,3
Dennis DePue,85,3
Dennis Keith Smith,266,9
Dennis Kevin Smith,274,9
Dennis Walker,2,1
Derek Leonard Reynolds,174,6
"Deroy King, Jr",190,6
Desiree Lingo-Perkins,313,12
Devin Williams,244,8
Devon and Damon Routier,325,12
Dewey Demetro and Leo Johnson Jr.,54,2
Dexter Stefonek,21,1
Dian Harlin,189,6
Diana Braungardt,33,2
Diane Robertson/Stephen Harkins and Ruth Cooper,27,1
Diane Shawcroft and Jennifer Lueth,387,13
Diane Washer,322,12
Dick Hansen,184,6
Dimitric Moore,277,9
Dolly the Sheep,271,9
Dolores Ford,150,5
Dolores Stradt,121,4
Dolores Stradt,129,4
Don Davis Jr.,275,9
Don Davis Jr.,347,12
Don Decker,150,5
Don Hamilton,36,2
Don Henry and Kevin Ives,2,1
Don Henry and Kevin Ives,8,1
Donald Alexander,171,6
Donald Alexander,185,6
Donald Eugene Webb,40,2
Donald M. and Louis G. Keith,55,2
Donald Smith,18,1
"Donna Baldeo, Jailall Lewis, and Bunnie Terry",380,13
Donna Branion,41,2
Donna Callahan,101,4
Donna Kempton,237,8
Donna Moses Brown,283,10
Donna Moses Brown,331,12
Donna Moses Brown,340,12
Doreen Marfeo,173,6
Doris Duke,249,8
Dorothea Irwin,77,3
Dorothy Barnett,228,8
Dorothy Donovan,223,7
Dorothy Johnson,174,6
Dorothy Johnson,181,6
Doug Johnston,122,4
Doug Johnston,127,4
Doug Raskin,212,7
Douglas Alan Costa,35,2
Doyle Wheeler,35,2
Dr. Arvind Sinha,188,6
Dr. Cynthia Watson,268,9
Dr. Emily Craig,322,12
Dr. George Desmond Graham,179,6
Dr. Gregory Caplinger,339,12
Dr. Iben Browning,67,3
Dr. John Anderson,99,4
Dr. Kenneth Frank,62,3
Dr. Kenneth Frank,83,3
Dr. Martin Luther King,155,5
Dr. Otto Barkeem,188,6
Dr. Sneha Philip,349,13
Dr. Theodore Loseff,168,6
Dub Wackerhagen,214,7
Duncan Gilmore,85,3
Dutch Schultz Treasure,192,6
Dwayne McCorkendale,69,3
E.L.F.,224,7
E.L.F.,371,13
Eagle,299,12
East Stockton John Doe,193,6
Ed Baker,133,5
Ed Barbara,40,2
Ed Barbara,63,3
Edgar Cayce,82,3
Edgar Kerns,217,7
Edgar Kerns and Kay Beeman,73,3
Edgar Kerns/Kay Beeman,64,3
Edmonton Rapist,174,6
Eduwigis Escalante,107,4
Edward Bell,141,5
Edward Bell,157,5
Edward Bell,164,5
Edward Maynard,81,3
Edward Maynard,84,3
Edward Zakzrewski,201,7
Edwin Rodriguez,269,9
Eileen Mangold,160,5
Elena Souza,258,9
Elena Souza,264,9
Elizabeth Bersanetti,201,7
Elizabeth Campbell,37,2
Elizabeth Campbell,56,2
Elizabeth Ortiz,140,5
Elizabeth Ortiz,219,7
Elizabeth Ortiz,341,12
Ellie Taylor,104,4
"Elliott Leyton, James Fox, Reid Maloy",100,4
Elmer Locker Jr./John and Cecilia Kealing,52,2
Elmer Locker Jr./John and Cecilia Kealing,55,2
Elvis Presley,281,10
Elwyn Jones,209,7
Elwyn Jones,211,7
Elysian Park Treasure,199,7
Emilie Hardy,228,8
Emma Figueroa,107,4
Ennis Cosby,268,9
Epes Bandits,235,8
Eric Danowski,222,7
Eric Rudolph,350,13
Eric Tamiyasu,372,13
Eric and Pam Ellender,215,7
Erica RichardsonJohn Feiga,382,13
"Erick, Glynda, and Keath Nickerson",142,5
"Erick, Glynda, and Keath Nickerson",148,5
"Erick, Glynda, and Keath Nickerson",160,5
Ethel Kidd,95,4
Etta Smith,212,7
Eva Shoen,141,5
Eva Shoen,157,5
Eva Shoen,178,6
Eve Meisel,170,6
Eve Meisel,185,6
Evonne,232,8
Evonne,238,8
Face on Mars,14,1
Falcon Lake UFO,137,5
Falcon Lake UFO,154,5
Fallon Cancer,391,13
Father John Kerrigan,7,1
Father Reynaldo Rivera,7,1
Father Solanus Casey,200,7
Father Solanus Casey,208,7
Fertility Statues,257,9
Fertility Statues,329,12
Filemon Santiago and Gary Miller,188,6
Filiberto Ojeda Rios,183,6
Florian Bourch,64,3
Floyd Travers,195,6
Francis C. Buhay,285,10
Frank Bloomer,77,3
Frank Isley,379,13
Frank Montenegro,352,13
Frank Morris and the Anglin Brothers,217,7
Frank Olson,198,7
Frank Olson,216,7
Fred Gardner,104,4
Frederick Russell,363,13
Frederick Valentich,166,6
Fu Teed Wong,144,5
Fumbles,21,1
Fumbles,52,2
Fumbles,57,2
G. Daniel Walker,100,4
Gabby's Bones,152,5
Gail DeLano,1,1
Gail DeLano,6,1
Gail Jordan and Dawn Lamont,165,6
Gail Jordan and Dawn Lamont,177,6
Gail Knowlton,258,9
Gainesville Killers,52,2
Gander Plane Crash,159,5
Garbage Bag Bandit,38,2
Garry Gibson,98,4
Garth Arathorne,231,8
Garth Arathorne,233,8
Gary Bickford,84,3
Gary Grant Jr.,175,6
Gary Simmons,118,4
Gary Simmons,126,4
Gary Wilson,265,9
Gary and Ted Noble,270,9
Gary and Ted Noble,286,10
Gary and Terry Magno,32,2
Gary and Terry Magno,34,2
Gazebo Baby,370,13
Gene Flannes,35,2
Gene Kiley tracks down owners of unclaimed money,32,2
Geoffrey Sullivan,73,3
George Anderson,139,5
George Anderson,158,5
George Burdynski,243,8
George Conniff,43,2
George Mott,270,9
George Owens,127,4
George Reeves,234,8
George Reeves,347,12
Georgia Rudolph,49,2
Georgia Rudolph,66,3
Gertrude Pruett,51,2
Gertrude Pruett,58,2
Ghosts at the Covewood Lodge,236,8
Gigi,226,7
Gigi,228,8
"Glen Loney, Rhonda and Roxanne Anderson, Catherine Webb",135,5
Gloria Schulze,248,8
Gordon Collins,164,5
Gordon Page Jr.,203,7
Gordon Page Jr.,332,12
Gordon Weaver,316,12
Grant Hendrickson and Michele Cartagena,256,9
Green River Killer,241,8
Greg Webb,32,2
Greg Webb,158,5
Greg Webb,376,13
Gregory Barker,85,3
Gregory Barker,86,3
Gregory Barker,113,4
Gretchen Burford,59,2
Gretchen Burford,74,3
Grocery Robbers,180,6
Guardian UFO,148,5
Gulf Breeze UFO,1,1
Gulf Breeze UFO,25,1
Gulf Breeze UFO,62,3
Gurdon Light,207,7
Gus Hoffman,22,1
Gus Hoffman,351,13
Guy Cummings,231,8
HOPE,292,11
Hank Jones/Dr. David Faux/Carol Montrose,209,7
Hari Gobin,238,8
Harold Bennett,232,8
Harold Bennett,238,8
Harold and Thelma Swain,4,1
Harper's Ferry Remains,346,12
Harvey McCloud,251,8
Hazel Head,366,13
Heath Brian Vess,107,4
Heath Brian Vess,114,4
Heather Relf,229,8
Heather Tallchief and Roberto Solis,195,6
Heather Tallchief and Roberto Solis,338,12
Heirs of Charles Lazarus,188,6
Heirs of Dan Willains,12,1
Heirs of Dan Willains,21,1
Heirs of Donald Mullins,175,6
Heirs of Dorothea Allen,71,3
Heirs of George J. Stein,16,1
Heirs of Howard Drummond,36,2
Heirs of Katherine Bennett,116,4
Heirs of Mary T. Torres,175,6
Heirs of Temperee Hawkins,259,9
Heirs of Walter Green,4,1
Heirs of Walter Rice,181,6
Helen Rose,108,4
Henry Weingarten,287,11
Highway 50 Phantom,269,9
Holly Krewson,359,13
Hotel Bullock,142,5
Hotel Bullock,160,5
Howard Storm,261,9
Hudson River UFO,130,5
Hudson River UFO,197,6
Huey Long/Carl Weiss,132,5
Hugh Harlin,189,6
Image of Guadalupe,156,5
Inner City Church Fire,246,8
Inner City Church Fire,253,8
Interceptors,186,6
Interstate 70 Killer,193,6
Investigation into postal crimes,224,7
Ira Einhorn,236,8
Irving Bentley,270,9
J. D. Method,135,5
J. D. Method,155,5
Jack Brown,30,2
Jack Brown,43,2
Jack Davis Jr.,209,7
Jack Quinn,9,1
Jackie Harrington,14,1
Jackie Harrington,27,1
Jackie Harrington,56,2
Jaclyn Dowaliby,139,5
Jaclyn Dowaliby,163,5
Jacqueline Castaneda,327,12
Jacqueline McAllister and Brian Major,153,5
Jacquelyn Tendall,165,6
Jacquelyn Tendall,177,6
Jake and Dora Cohn,221,7
James Bulger,316,12
James Donald King,89,3
James Gilreath,132,5
James Gilreath,134,5
James Gilreath,139,5
James Kilgore,367,13
James Russell,115,4
James Russell/Darlene and Davida Ebmeier/Thomas Manion/Madding Family,144,5
James Sullivan,298,12
James Van Praagh,212,7
James White,112,4
James White,122,4
James and Lisa Albert,219,7
Jamie Santos,265,9
Jamie Santos,376,13
Janice and Alyssa Owen,381,13
Janie Halliday/Estela Vera,196,6
Jarod Allgood and Heidee Ruiz,260,9
Jason McVean and Alan Pilon,288,11
Jason McVean and Alan Pilon,326,12
Jason and Phillip Bomer,335,12
Jay Cook and Tanya Van Cuylenborg,33,2
Jay Durham,207,7
Jay Given,178,6
Jayson Artis,289,11
Jayson Artis,313,12
Jean Anne Freeman,54,2
Jean Anne Freeman,58,2
Jean Ellroy,245,8
Jean Hilliard,240,8
Jean Marie Gagnon,15,1
Jean Marie Gagnon,16,1
Jean Marie Gagnon,18,1
Jean Marie Gagnon,217,7
Jean Moore,227,7
Jeanette Federico,273,9
Jeanine Nicarico,149,5
Jeanine Price,212,7
Jeanne Boylan,199,7
Jeanne Tovrea,119,4
Jeffrey Digman,105,4
Jennifer Odom,205,7
Jenny Bastian,39,2
Jenny Pratt,48,2
Jenny Pratt attackers,9,1
Jerad Peters,108,4
Jerad Peters,138,5
Jeremy Bright,12,1
Jerry Gervasoni,167,6
Jerry Gervasoni,171,6
Jerry Gervasoni,182,6
Jerry Lee Bowen,304,12
Jerry Moss,106,4
Jesse Howell,284,10
Jesse James Hollywood,312,12
Jessica Constant and Albert Wong,360,13
Jessica Gutierrez,45,2
Jessica Keen,291,11
Jessica Keen,312,12
Jessie Presley/Shannon Sites,240,8
Jesslyn Rich,137,5
Jessyca Mullenberg,233,8
Jesus De La Cruz,260,9
Jesus Penalver,55,2
Jian Fang,216,7
Jill Behrman,334,12
Jill and Julie Hansen,172,6
Jill and Julie Hansen,191,6
Jim Burke,171,6
Jim Burnside,98,4
Jim Burnside,108,4
Jim Burnside,117,4
Jim Kimball,236,8
Jim McMahon,221,7
Jim Pearson,190,6
Jim Pearson,204,7
Jim Rice,84,3
Jim Wood,292,11
Jimmie Wayne Pierce,264,9
Jimmie Wayne Pierce,279,9
Jimmy Ray LeGate,261,9
Jimmy Ray LeGate,266,9
Jo Beth Smith,133,5
Joan Gay Croft,165,6
Joan Gay Croft,176,6
Joan Jefferies,247,8
"Joan, Michelle, and Christe Rogers",100,4
Joann Albanese,248,8
Joann Albanese,310,12
Jockey Bandit/ Mr. Nasty/ Mary Poppins Bandit,76,3
Jodi Huisentruit,242,8
Jodie Bordeaux,321,12
Joe Cole,324,12
Joe Maloney,95,4
"Joe McCarthy, Herman Stegos, and Cheryl Landon",281,10
Joe Morrow,385,13
Joe O'Brien,228,8
Joe Owens,50,2
Joe Shepherd,1,1
Joe Shepherd,9,1
Joe Shepherd,25,1
Joe Smith,76,3
Joe Smith,82,3
Joe Smith,101,4
Joey Moss,106,4
Joey Moss,113,4
Joffre Ramos,282,10
"John ""Thumper"" Brown",49,2
"John ""Thumper"" Brown",53,2
John Addis,248,8
John Addis,310,12
John Anthony Diaz,244,8
John Anthony Diaz,249,8
John Arbogast,243,8
John Branion,41,2
John Burns,48,2
John Cheek,191,6
John Grundhofer Kidnapper,172,6
John Harden,99,4
John Harman,140,5
John Hawkins,39,2
John Holland and Elizabeth Joyce,289,11
John Irwin,77,3
John Irwin,82,3
John Irwin,113,4
John Martin,12,1
John Mooney,20,1
John Mooney,32,2
John Mooney,48,2
John Novotny,98,4
John Novotny,107,4
John Novotny,117,4
John Purvis,153,5
John Roubas,199,7
John Simmons,33,2
John Vogel,223,7
John Wilkes Booth,94,4
John Wilkes Booth,200,7
John William Farr,4,1
John Yount,217,7
John and Linda Sohus,210,7
John and Nancy Bosco,202,7
John and Patti Eggleston and Paige Roark,193,6
Johnathan Kern,256,9
Johnny Lee Wilson,70,3
Johnny Lee Wilson,237,8
Jon Yount and Diane Brodbeck,2,1
Jon and Molly Maggio,375,13
Jon-Benet Ramsey,266,9
Jonathan Francia,199,7
Jonathan Ortiz,140,5
Jonathan Ortiz,341,12
Jones House,308,12
Jordan Children,195,6
Jorge Cortez,21,1
Jorge Mendez and Jose Rios,253,8
Jorge Taracena,188,6
Jose Alvarez and Juan Cristo,33,2
Jose Blandon,256,9
Jose Blandon,284,10
Jose Gonzalez,166,6
Jose Gonzalez,170,6
Jose Rubio,107,4
Joseph Arthur Rodia,140,5
Joseph Cole,252,8
Joseph Collins,184,6
Joseph Gardner,179,6
Joseph Gardner,195,6
Joseph Hutchinson,21,1
Joseph Hutchinson,28,1
Joseph Krantz,131,5
Joseph Mancini,15,1
Joseph Prushinowski,169,6
Joseph Prushinowski,189,6
Josephine White,97,4
Joyce McLain,16,1
Juan Carlos Pereira,107,4
"Juan Gil Ferrufino, Mario Portillo and German DeLeon",388,13
Juan Jackson,75,3
Juan Jackson,80,3
Judge John Fairbanks,96,4
Judge John Fairbanks,119,4
Judith Smith,311,12
Judy Hyams,74,3
Judy Hyams,82,3
Julie Cross,23,1
Julie Weflen,33,2
Julio Marco Cruz,55,2
Julius Patterson and Paulette Hite,157,5
Julius Patterson and Paulette Hite,173,6
Justin Burgwinkel,223,7
KROQ Confession,63,3
KROQ Confession,86,3
Kaitlyn Arquette,147,5
Kansas City Arsonist,213,7
Kansas City Arsonist,259,9
Karen Lofland,261,9
Karen Lofland,266,9
Karen Pelletiere,260,9
Karen Pelletiere,273,9
Karen Walker,202,7
Karen Walters,244,8
Karen and Kathy Mills,324,12
Kari Lynn Nixon,24,1
Kari Lynn Nixon,67,3
Karl and Helen Rehberg,333,12
Katherine Korzilius,285,10
Kathleen Burghardt,222,7
Kathleen Mary Young,141,5
Kathleen Mary Young,164,5
Kathleen Mary Young,170,6
Kathy Bonderson,102,4
Kathy Bonderson,110,4
Kathy Hobbs,14,1
Kathy Page,282,10
Kathy Power,23,1
Katie,66,3
Katie,88,3
Kay Fletcher,270,9
Kay Hall,31,2
Kay Hall,53,2
Kecksburg UFO,60,3
Keelan and David J. Rhodes,24,1
Keelan and David J. Rhodes,27,1
Keith Reinhard,46,2
Keith Warren,243,8
Kelli Ann Ayres,264,9
Kelli Ann Ayres,269,9
Kelly Finnegan,193,6
Kelly Finnegan,219,7
Kelly Lee McGinnis,254,8
Kelly Lee McGinnis,257,9
Kelsey House,76,3
Kenneth Dungee,46,2
Kenneth E. Dickerson,140,5
Kenneth Engie,70,3
Kenneth McDuff,121,4
Kenneth Stanton,65,3
Kenneth Stanton,66,3
Kenneth Stanton,72,3
Kentucky Visions,229,8
Kevin Dominic,240,8
Kevin Hughes,44,2
Kevin Poulsen,63,3
Kevin Poulsen,92,3
Kevin Reeder,256,9
Kevin Wheel,194,6
Kevin Wheel,212,7
Keyan and Logan Ivey,222,7
Keyan and Logan Ivey,231,8
Kimberly Karen,183,6
Kimberly Karen,184,6
Kimberly Karen,191,6
Kimberly Pandelios,211,7
"Kimberly, Katie and Kelly Hurley",140,5
Kristen Modafferi,305,12
Kristen Tomlin and Suzanne Russell,5,1
Kristi Krebs,214,7
Kristi Krebs,340,12
Kristi and Bobby Baskin,47,2
Kristi and Bobby Baskin,50,2
Kristie Gunderson Lee,254,8
Kristie Gunderson Lee,275,9
Kristie Martin,253,8
Kristin Smart,255,9
Kristin Smart,341,12
Kristina Smith,53,2
Kristine Westin and Kevin Woo,361,13
Kristle Merzlock/Thomas Sawyer,17,1
Krystal Naab,207,7
Krystal Naab,383,13
Kurt Cobain,267,9
Kurt Sova/Eugene Kvet,7,1
Kyle Clinkscales,33,2
La Posada Hotel,199,7
Lancaster Extortion Writer,7,1
Lancaster Extortion Writer,10,1
Lance Gueverra,260,9
Landon and Logan Walker,303,12
Larry Costine,174,6
Larry Dennis Miller,21,1
Larry George,148,5
Larry George,198,7
Larry Munroe,18,1
Larry Race/Debbie Race,108,4
Latricia White,214,7
Laura Burbank,39,2
Laura Burbank,51,2
Laura Law,393,13
Lauren Jackson,192,6
Laurence Harding Jr.,52,2
Lauria Bible and Ashley Freeman,294,12
Laurie Cabot,258,9
Lavada Floyd,35,2
Lavona and Lavelda Rowe-Richardson,55,2
Le-Zhan Williams,262,9
Le-Zhan Williams,383,13
Leah Roberts,317,12
Lee Selwyn,11,1
Lee Selwyn,168,6
Lee Selwyn,180,6
Lee Young,111,4
Lena Regina Smith,15,1
Lenny Dirickson,340,12
Leo Koury,12,1
Leonard Trigg,231,8
Leroy Drieth,237,8
Lesa Lee,91,3
Lesa Lee,115,4
Leslie Isben Rogge,30,2
Leslie Isben Rogge,39,2
Lester Garnier,88,3
Leticia Hernandez,45,2
Levia Molinari,111,4
Levia Molinari,121,4
Lewis Michael Geiger,35,2
Life on Mars,259,9
Lily Mae Huff,33,2
Linda Sharp,51,2
Linda Sharp,54,2
Linda Sherman,293,12
Linda Sobek and Kimberly Pandelios,234,8
Linda Tellington-Jones,232,8
Linda Tellington-Jones,385,13
Lionel Luviano,222,7
Lisa Bishop,64,3
Lisa Marie Kimmell,19,1
Lisa Myers,379,13
Lisa Ziegert,170,6
Lissette Nukida,175,6
Lissette Nukida,189,6
Little Miss Panasoffkee,134,5
Little Miss Panasoffkee,146,5
Liz Carmichael,20,1
Liz Carmichael,26,1
Liz Carmichael,43,2
Liza Montgomery,101,4
Liza Montgomery,120,4
Logan Carroll,230,8
Logan Carroll,314,12
Lois Gibson,335,12
Lonnie Zamora UFO Sighting,233,8
Lonnie Zamora UFO Sighting,242,8
Lonnie Zamora UFO Sighting,331,12
Lorene Roberts,107,4
Lorene Roberts,131,5
Loretta Myers,213,7
Loretta Myers,229,8
Loretto Chapel,69,3
Loretto Chapel,89,3
Lori Smith,201,7
Lost Dutchman Mine,19,1
Lost Love Benjamin Baker,291,11
Lost Love Gerry and Terry Robinson,291,11
Lost Loves Lt. Karen Stephens,29,2
Lost Loves Lt. Karen Stephens,31,2
Louis Carlucci,1,1
Louis Carlucci,19,1
Louis Carlucci,34,2
Lt. Charlie Guess,84,3
Lt. Karen Stephens,48,2
Lt. Paul Whipkey,84,3
Lucie Turmel,134,5
Lucy,148,5
Luie Quezada,282,10
Luis Diaz,143,5
Luis Herrera,107,4
Luis Ochoa,247,8
Luiz Gasparetto,218,7
Luiz Gasparetto,227,7
Luiz Gasparetto,377,13
Lunersee Lake Treasure,64,3
Lyle Moody,162,5
Lyle Moody,380,13
Lynn Amos,263,9
Lynn Amos,340,12
Lynne Plaskett,275,9
Mabel Woods,31,2
Mabel Woods,53,2
Madding Family,115,4
Madeline Strauss,169,6
Madeline Strauss,191,6
Madeline and Ada Underwood,110,4
Madeline and Ada Underwood,125,4
Mahfuz Huq,131,5
Mahfuz Huq,145,5
Mahfuz Huq,364,13
Malaika Griffin,323,12
Malakia Logan,45,2
Manny Moreno,230,8
Manwell Marino,209,7
Marcus Farina,116,4
Marek Kosciukiewicz,265,9
Marfa Lights,33,2
Margaret Wiesner,153,5
Margaret Wilson,206,7
Margaux Hemingway,256,9
Margie Jelovcic,330,12
Margo Freshwater,384,13
Maria Armstrong,38,2
Maria Armstrong,64,3
Maria Armstrong,393,13
Maria Hernandez,271,9
Maria Hernandez,280,9
Maria Hernandez,336,12
Maria Socorro De Rodriguez LaPine (The Black Widow),272,9
Marie Hilley,100,4
Marie LaVeau,232,8
Marie Laveau,238,8
Marie Lilienberg and Maria Wahlén,118,4
Marilu Geri,10,1
Marilyn Hahnlein,195,6
Marilyn Hahnlein,207,7
Mario Amado,154,5
Mark Adams,6,1
Mark Dennis,72,3
Mark Gagliardo,271,9
Mark Gagliardo,272,9
Mark Groezinger,45,2
Mark Groezinger,89,3
Mark S. Newman and Gerald I. Levy,55,2
"Mark S. Newman and Gerald I. Levy, Donald M. and Louis G. Keith, Lavona and Lavelda Rowe-Richardson",74,3
Marlena Childress,58,2
Marlene Santana/Carlina White/Christopher Abeyta,13,1
Marlene Santana/Carlina White/Christopher Abeyta,25,1
Marshall Lee Brown,284,10
Martha Brailsford,258,9
Martha Doe Roberts,131,5
Martha Doe Roberts,151,5
Martha Hinkle,65,3
Martha Hinkle,97,4
Martha Moxley,241,8
Martha Moxley,328,12
Martin Ganz,222,7
Martin Hernandez,222,7
Marvin Gabrion,283,10
Marvin and Sandra Maple,47,2
Marvin and Sandra Maple,50,2
Mary Agnes Gross,282,10
Mary Agnes Gross,341,12
Mary Ann Perez,99,4
Mary Celeste,205,7
Mary Morris and Mary Morris,353,13
Mary Sullivan,362,13
Matt Flores,229,8
Matt and Wendy Jameson,249,8
Matthew Chase,10,1
Matthew Chase,22,1
Maureen Keewatincappo/Bernie and Calvin Seaton,149,5
Medjugorje Miracles,111,4
Medusa Bandit,38,2
Megan Curl,347,12
Melanie Uribe,212,7
Melissa Jo Sermons,174,6
Melody Martin,79,3
Melody Martin,94,4
Melody Woods,263,9
Melvin Edward Mays,30,2
Melvin Luther Wilson,271,9
Melvin Wilson,280,9
Melvin and Daniel Nellis,90,3
Melvin and Daniel Nellis,106,4
Melvine Aprile,42,2
Melvine Aprile,70,3
Men In Black,274,9
Meriah and Sabria Widboom,258,9
Merle Marie Vanderheiden,270,9
Merle Marie Vanderheiden,280,9
Mexico City UFO,203,7
Mexico City UFO,220,7
Mia Zapata,239,8
Mia and Shadow,368,13
Miami Robber,190,6
Michael Alfonso,337,12
Michael Anthony Starr,143,5
Michael Benka,171,6
Michael Carmichael and Billy Ray Hargrove,185,6
Michael Drosnin,282,10
Michael Eschweiler,230,8
Michael Eschweiler,244,8
Michael Francke,80,3
Michael Hansen,140,5
Michael Hughes,235,8
Michael Hunter,150,5
Michael Johnston and Rochelle Robinson,244,8
Michael Lloyd Self,161,5
Michael McGuffey,235,8
Michael Mohan,217,7
Michael Owen and Wendy Throop,332,12
Michael Rosenblum,11,1
Michael Rosenblum,90,3
Michael Seymour,172,6
Michael Seymour,189,6
Michael Short,263,9
Michael St. Clair and Dennis Reese,106,4
Michael Swango,230,8
Michael Wayne Brown,283,10
Michael Wayne Brown,331,12
Michael Wayne Brown,340,12
Michael Wilburn,261,9
Michael and Sharon Mohon,21,1
Michael and Sharon Mohon,27,1
Michaela Garecht/Amber Swartz,12,1
Michella Welch,39,2
Michelle Abraham,282,10
Michelle Fazzani,126,4
Michelle Fazzani,129,4
Michelle Fazzani,140,5
Michelle Fazzani,336,12
Michelle O'Malley,241,8
Michelle Witherell,288,11
Mickey Allen Samson,144,5
Mickey and Trudy Thompson,16,1
Mickey and Trudy Thompson,352,13
Micki Jo West,13,1
Micki Jo West,59,2
Miguel Morales,188,6
Mike Cline/Raymond Scoville/Thomas Geers/Michael Lassen,60,3
Mike Emert,336,12
Mike O'Mara,210,7
Mike Riemer,27,1
Milk Carton Bandit/Grandpa Bandit,161,5
Milly McGregor/Randy Spears,252,8
Minnesota Brinks Heist,62,3
Minnesota Brinks Heist,87,3
Miracle of Lourdes,184,6
Miracle the White Buffalo,234,8
Miracles Mary Clamser,246,8
Miranda Gaddis and Ashley Pond,396,13
Molly Bish,390,13
Monica Bonilla,78,3
Monika Rizzo,281,10
Morgan Nick,327,12
Morris Davis,71,3
Moses Lall and Lila Buerattan,238,8
Mothman,373,13
Mystery Rock,7,1
Nancy Daddysman,322,12
Nancy Manni,239,8
Nancy Myer,205,7
Nanteos Cup,283,10
Naoma and Richard Wendorf,269,9
Nasario Palacios,201,7
Nassau County Robber/Boynton Beach Robber,236,8
Natasha Jennings,319,12
Nazca Lines,248,8
Nazca Lines,314,12
Neal Jennings,146,5
Neal Jennings,158,5
Neil and Terry Gott,206,7
Nelson DeCloud,159,5
Nelson DeCloud,165,6
New Orleans Serial Killer,135,5
New Orleans Serial Killer,155,5
New York Coin Scam,31,2
New York Coin Scam,53,2
New York Coin Scam,90,3
Ngoc Van Tran,283,10
Ngoc Van Tran,393,13
Nicholas Karopoulos,111,4
Nicholas Karopoulos,121,4
Nicolai Levashov,288,11
Niqui McCown,395,13
Noah's Ark,121,4
Noah's Ark,129,4
Noreen Renier,221,7
Norman Ladner,69,3
Norman Ladner,89,3
Norman and Lulu,291,11
Nostradamus and New Millennium Predictions,290,11
Nova and Lady,186,6
Nyleen Marshall,69,3
Nyleen Marshall,78,3
O'Neal Moore,68,3
O.J. Simpson,262,9
Obia-Man,78,3
Oded Gordon,80,3
Ohio Prostitute Killer,113,4
Ohio Prostitute Killer,124,4
Ok-Cha Wortman,292,11
Ok-Cha Wortman,332,12
Ok-Cha Wortman,333,12
Oklahoma City Convenience Store Robbers,180,6
Olesen Family,269,9
Oliver,266,9
Oliver Munson,181,6
Omar Arroyo,365,13
Opal ZachariasLance Bedgood,377,13
Ora Prince,195,6
Original Night Stalker in Sacramento,371,13
Owen Walker,259,9
Pablo Rodriguez,55,2
Padre Pio,211,7
Padre Pio,393,13
Paducah Plane Jumper/Estelle,130,5
Paloma Gibson,79,3
Paloma Gibson,94,4
Pam Page,176,6
Pamela June Ray,141,5
Pamela Mason/Rena Paquette/Danny Paquette,65,3
Pat Brown,283,10
Pat Fagan,83,3
Pat Fagan,84,3
Pat Fagan,92,3
Pat Farmer,108,4
Pat Farmer,138,5
Patience Worth,223,7
Patricia Bonner,239,8
Patricia Bonner,245,8
Patricia Carlton,134,5
Patricia Carlton,146,5
Patricia Meehan,34,2
Patricia Stallings,329,12
Patrick Ackles,104,4
Patrick Kelly,269,9
Patrick Michael Mitchell,76,3
Patsy Wright,22,1
Patsy Wright,27,1
Paul Ragusa,285,10
Paul Stamper,97,4
Paul Stamper,105,4
Paul Stamper,115,4
Paul Xavier Alexander,223,7
Paul and Paula Scribner,96,4
Paul and Paula Scribner,110,4
Paul and Paula Scribner,133,5
Pauline Martz,70,3
Pedro Nyego,55,2
Pedro Pumajero,107,4
Pedro Uribe/Hugo Balbin/Luis and Ivan Arango/Miguel Villegas,52,2
Pennsylvania Bank Robber,190,6
Permon Gilbert,17,1
Phantom Sub,210,7
Philip Breen,104,4
Philip Breen,125,4
Philip Innes Fraser,109,4
Philip Pauli,242,8
Philip Pelletier,10,1
Philip Pelletier,14,1
Philip Pelletier,208,7
Phillip Anthony Moore,133,5
Phillip Anthony Moore,140,5
Phillip Anthony Moore,146,5
Phillip Thomas,209,7
Phoenix Lights,286,10
Phyllis Strub,201,7
Pierre April,131,5
Pierre April,136,5
Pierre April,164,5
Pizza Parlor Killer,86,3
Pizza Restaurant Robbers,115,4
Poverty Island Treasure,204,7
Qi Gong,262,9
Rachael Runyan,35,2
Rachel Cooke,377,13
Rachel Timmerman,283,10
Rae Ann Mossor,40,2
Rafael Camarena,85,3
Rafael Camarena,91,3
Rafael Camarena,363,13
Ralph Probst,57,2
Ralph Probst,74,3
Ralph Sigler,38,2
Ramon Reyes and Louie Velarde,180,6
Ramzi Ahmed Yousef,157,5
Randall Utterback,215,7
Randolph Dial,217,7
Randolph Dial,389,13
Randy Yager,330,12
Ray Hickingbotham,44,2
Ray Olson,227,7
Ray Olson,228,8
Raymond Routte,256,9
Raymond Routte,271,9
Raymond Young,173,6
Raymond Young,329,12
Raymond and Ruth Ann Ritter,67,3
Raymond and Ruth Ann Ritter,88,3
Rebecca Young,138,5
Red Dye Robber,228,8
Red Mercury,257,9
Reggie DePalma,161,5
Regina Davis,263,9
Regina and Margaret Defrancisco,345,12
Rejean Hardy,228,8
Rendlesham Forest Incident,93,4
Renee Lamanna,230,8
Reverend Ralph DiOrio,278,9
Rhonda Hinson,36,2
Rhonda Johnson and Sharon Shaw,161,5
Ricardo Caputo,72,3
Richard Aderson,314,12
Richard Aderson Road Rage Incident,286,10
Richard Bare,235,8
Richard Bocklage,84,3
Richard Cepulonis,244,8
Richard Cepulonis and Karen Walters,261,9
Richard Cepulonis/Karen Walters,370,13
Richard Church,67,3
Richard Church,88,3
Richard Condia,118,4
Richard Ford and Matthew Crome,221,7
Richard Ford/Matthew Crome,236,8
Richard Ford/Matthew Crome,240,8
Richard Green,35,2
Richard Joseph Alvarado,35,2
Richard McNair,138,5
Richard Minns,116,4
Richard Relf,229,8
Rick McCue,145,5
Rick McCue,161,5
Rick McCue,386,13
Rick Vallee,291,11
Rickey Bright,235,8
Rita Faulkner,214,7
Robert Arcieri,224,7
Robert Borton,206,7
Robert Corrado,65,3
Robert Davidson,250,8
Robert Dennie,30,2
Robert Dennie,38,2
Robert Dirscherl,268,9
Robert Fisher,354,13
Robert Fritch,171,6
Robert Fritch,185,6
Robert Hamrick,104,4
Robert Hamrick,371,13
Robert James,314,12
Robert James Palmer,213,7
Robert James Road Rage Incident,286,10
Robert Kennedy,56,2
Robert Kennedy,113,4
Robert Kennedy,124,4
Robert Kennedy,250,8
Robert Leads,13,1
Robert Leads,17,1
Robert Matthews/Kristina Florence,8,1
Robert Miller,44,2
Robert Miller,59,2
Robert Trenholm,262,9
Robert Watson,140,5
Robert Watson,174,6
Robert Watson,189,6
Robert Watson,217,7
Robert Weeks,48,2
Roberto Ramirez,234,8
Robin Stevens and Sherry Seymour,103,4
Robin Stevens and Sherry Seymour,106,4
Robin Stevens and Sherry Seymour,112,4
Rochester Car Heist,122,4
Rodger Lindsley,249,8
Roger Dean,101,4
Roger Dean,120,4
Roger Lindsley,241,8
Rogest Cain,8,1
Rogest Cain,11,1
Rohrey Wychgel Shooter,170,6
Rolando Cruz and Alejandro Hernandez,149,5
Rolex Robbers,5,1
Ron Gillispie,204,7
Ron Rushton,22,1
Ronald Bax,233,8
Ronald Denslow,17,1
Ronald Denslow,28,1
Ronald Earl Cains,229,8
Ronald Jr. and Aaron Roberts,140,5
Ronald Oglesby,179,6
Rose Marie Luttmer,181,6
Rose Marie Luttmer,215,7
Rose Marie Platt,112,4
Rose Marie Platt,128,4
Rose Turford and Carolyn Stevens,225,7
Rose Turford and Carolyn Stevens,235,8
Rosemary Altea,274,9
Rosemary Hom,221,7
Roswell Crash,29,2
Roswell Crash,45,2
Roswell Crash/Area 51,197,6
Roxann and Kristopher Jeeves,192,6
Roy Caffey,206,7
Rudolf Hess,34,2
Rufino Castaneda,386,13
Russell Evans,75,3
Ryan Stallings / Patricia Stallings,92,3
Ryan Stallings/Patricia Stallings,87,3
Ryan Stallings/Patricia Stallings,103,4
Sabrina Aisenberg,287,11
Sabrina Aisenberg,340,12
Sagebrush Rebellion,265,9
Sal Guardado,129,4
Sal Guardado,146,5
Salvatore Caruana,35,2
Salvatore Spinnato,278,9
Sam Wodke,245,8
Sam Wodke,251,8
Sam Zelikson,258,9
Sam Zelikson,376,13
Samantha Kibalo,358,13
Sammy Wheeler,203,7
Samuel Glover and Marshall Kirkpatrick,262,9
Samuel Glover and Marshall Kirkpatrick,272,9
San Pedro Mummy,182,6
Sandra Evans,136,5
Sandra Nevarez,239,8
Sandra Orellana,264,9
Sandra Orellana,268,9
Sandy Breed and Bruce Clark,175,6
Santos Family,117,4
Sarah DiGennaro,102,4
Sarah DiGennaro,119,4
Sarah Powell,251,8
Savanna Todd,228,8
Savior of Cathy Loving,103,4
Savior of Cathy Loving,123,4
Savior of Cathy Loving,137,5
Savior of Cathy Loving,154,5
Savior of Phillip Macri,151,5
Savior of Phillip Macri,162,5
Savior of Samantha Roberts,276,9
Savior of Steve Newton,261,9
Savior of Steve Newton,363,13
Savior of Wendy Radcliffe,243,8
Savior of Wendy Radcliffe,244,8
Savior of Wilma Drew,285,10
Saviors of Colleen Frangione,175,6
Saviors of Colleen Frangione,176,6
Saviors of Colleen Frangione,183,6
Saviors of Colleen Frangione,388,13
Saviors of Doris Smith,290,11
Saviors of Dover Family,224,7
Saviors of Dover Family,233,8
Saviors of Duane Miller,245,8
Saviors of Michelle West,205,7
Scott Enyart,250,8
Scott Hill,152,5
Scott Hill,166,6
Scott Johnson,125,4
Seattle Arsonist,132,5
Selena Edon,183,6
Sergio Farina,116,4
Seth Arathorne,231,8
Seth Arathorne,233,8
Shafaa Salem,178,6
Shane Stewart and Sally McNelly,93,4
Shannon Davis,13,1
Shannon Davis,48,2
Shannon Kinne,324,12
"Shannon Verhage, Wayne Davis, John Weeks, Robert Allen",283,10
Sharita Harding,63,3
Sharita Harding,64,3
Sharita Harding,69,3
Sharon Elliott,41,2
Sharon Johnson,101,4
Sharon Johnson,120,4
Sharon Kinne,286,10
Sharon Rogers Car Bomber,151,5
Sharon Rogers Car Bomber,377,13
Sheldon Weinberg,25,1
Sheldon Weinberg,30,2
Shelly Malone,250,8
Sherry Eyerly,102,4
Sherry Eyerly,119,4
Sherry Hart,235,8
Shooters of C.W. Roddy,61,3
Shopping Bag Bandit,4,1
Shopping Bag Bandit,7,1
Shorts Robber,38,2
Shotgun Bandit,4,1
Skeleton Canyon Treasure,71,3
Son of Sam,4,1
Son of Sam,5,1
Sonny Liston,37,2
Sonny Liston,58,2
Sonya Fitzpatrick,307,12
Southern California Robber,190,6
Stahl Painting Theft,156,5
Stallings Family,210,7
Stallings Family,211,7
Stallings Family,222,7
Stanley Gryziec,63,3
Stanton Bones,112,4
Star Palumbo,341,12
Stefanie Stroh,33,2
Stephanie Booker,261,9
Stephanie Booker,279,9
Stephen Anderson,355,13
Steve Hadley,2,1
Steve Sandlin,49,2
Steve Wilson,77,3
Steven Cox,6,1
Steven Cox,8,1
Steven Cox,10,1
Steven Cox,11,1
Steven Cox,48,2
Steven Oliver,233,8
Stockton Arsonist,60,3
Stockton Arsonist,62,3
Stockton Arsonist,68,3
Stryder Styarfyr,366,13
Stuart Heaton,207,7
Stuart Heaton,383,13
Su Taraskiewicz,240,8
Su-Ya Kim,169,6
Sugar,101,4
Sugar,120,4
Sumter County Does found murdered in 1976,211,7
Susan Cappel,33,2
Susan Harrison,260,9
Susan Harrison,273,9
Susan King,275,9
Susan King,328,12
Susan Roberts,140,5
Susan Walsh,266,9
Susan and Shane Hamwi,153,5
Suzanne Davis,235,8
Sweetheart Swindler,52,2
Sweetheart Swindler,91,3
"Sylvan Lazarus, Carl Cobb and Bernard Brady",211,7
TWA Flight 800,268,9
TWA Flight 800,272,9
Tallman House,3,1
Tammy Lynn Leppert,130,5
Tampa Bay Robber,190,6
Tandem Bandits,38,2
Tanya Smith,247,8
Tara Breckenridge,218,7
Tara Calico and Michael Henley,29,2
Tara Calico and Michael Henley,45,2
Tatum House,3,1
Taylor Kramer,232,8
Taylor Kramer,238,8
Ted Binion,290,11
Ted Loseff,180,6
Ted Loseff,389,13
Televangelist Bomber,103,4
Televangelist Bomber,123,4
Teresita Basa,54,2
Teresita Basa,105,4
Terri McClure,20,1
Terry Lucas,137,5
Terry Smith,147,5
Teryn Hedlund,208,7
The Alcatraz Escape,15,1
The Allagash Abductions,197,6
The Bald Mountain Shooters,13,1
The Bald Mountain Shooters,16,1
The Bannack Treasure,55,2
The Bicycle Bandit,23,1
The Bird Road Rapist,143,5
The Black Dahlia/Butcher Of Kingsbury Run,142,5
The Brother of Sylvia Wemhoff,26,1
The Brother of Sylvia Wemhoff,33,2
The Brother of Sylvia Wemhoff/Margaret Murphy,13,1
The Butcher Of Kingsbury Run,80,3
The Child of Mac McDonald,109,4
The Child of Mac McDonald,115,4
The Children of Doreen Espinosa,286,10
The Children of Faith Brown,179,6
The Children of Faith Brown,180,6
The Children of Faith Brown,187,6
The Children of Georgia Tann,40,2
The Children of Georgia Tann,65,3
The Children of Hilda Craun,177,6
The Children of Hilda Craun,200,7
The Children of Uta Collins,144,5
The Countess,86,3
The Countess,91,3
The Countess,179,6
The Crew of the Casie Nicole,109,4
The Crew of the Freedon,64,3
The Crew of the L-8,161,5
The Crew of the Liebling,12,1
The Crew of the Sara Joe,31,2
The Curse of King Tut,251,8
The Curse of King Tut,254,8
The Daughter of Dave and Christie Carlsen,254,8
The Daughter of Dave and Christie Carlsen,256,9
The Daughter of Dave and Christie Carlsen,263,9
The Daughter of Dave and Christie Carlsen,276,9
The Daughter of Gerda Burian,230,8
The Daughter of Gerda Burian,239,8
The Daughter of Joseph Schambier,41,2
The Daughter of Lavar Bates,60,3
The Daughter of Oscar Norton,194,6
The Daugther of Lavar Bates,81,3
The Devil's Backbone,237,8
"The Families of Dylene Zolikoff, Scott Merz, and Dawnette Barker",136,5
"The Families of Dylene Zolikoff, Scott Merz, and Dawnette Barker",151,5
The Families of the S.S. Muskogee Crew,22,1
The Families of the S.S. Muskogee Crew,28,1
The Family of Charles Stubin,143,5
The Family of Dolores Camarena,297,12
The Family of Dolores Valadez,10,1
The Family of Georgia Boyd,134,5
The Family of Jeanne Martin,235,8
The Family of Joe Soll,118,4
The Family of LaDonna Alfano,246,8
The Family of LaDonna Alfano,247,8
The Family of LaDonna Alfano,252,8
The Family of Monica Libao,357,13
The Family of Pat Mealbach,48,2
The Family of Terris Christie Derby,182,6
The Family of Terris Christie Derby,210,7
The Family of Victor Simon,76,3
The Father of Janet O'Regan,5,1
The Father of Jeannie Wagner,96,4
The Father of Jeannie Wagner,157,5
The Father of Kathleen Belcher,193,6
The Fatima Miracle,171,6
The Friend of Moises Treves,278,9
The Friend of Russell and Jean Johnson,144,5
The Friend of Stephan Ross,38,2
The Friend of Tom Vaughn,178,6
The Friend of Tom Vaughn,193,6
The Friends of Fritz Vincken,218,7
The Friends of Fritz Vincken,243,8
The Friends of Fritz Vincken,386,13
The Friends of Kim Schad,249,8
The General Wayne Inn,3,1
The Ghost of Resurrection Mary,183,6
The Ice Man,198,7
The Ice Man,216,7
The Kecksburg UFO,81,3
The Lake Champlain Monster,131,5
The Lake Champlain Monster,145,5
The Las Cruces Bowling Alley Massacre,54,2
The Mona Lisa,173,6
The Mother of Barbara Smith and Barbara Ratner,105,4
The Mother of Carla Downing,93,4
The Mother of Carla Downing,104,4
The Mother of Margaret Smith,183,6
The Mother of Tim Harrell,252,8
The Mother of Tim Harrell,258,9
The Nanny of Jackie Cooper,50,2
The Oakville Blobs,277,9
The Parents of Brenda Abbey,195,6
The Parents of Brenda Abbey,196,6
The Parents of Brenda Abbey,205,7
The Parents of Gale Samuels,263,9
The Parents of Jeri Graves,85,3
The Parents of Kimberly Smith,370,13
The Parents of Miriam,161,5
The Queen Mary,3,1
The Savior of James Vernon,135,5
The Savior of Renee Wilson,266,9
The Search of Alexandra Stantzos,144,5
The Search of Bob Coleman,221,7
The Search of Helen Elas,214,7
The Shroud Of Turin,95,4
The Shroud Of Turin,196,6
The Siblings of Aleatha Evertz,79,3
The Siblings of Debbie Hamilton,233,8
The Siblings of Eugene Price,148,5
The Siblings of Eugene Price,150,5
The Siblings of Eugene Price,187,6
The Siblings of Jeff Linn,259,9
The Siblings of Jeff Linn,274,9
The Siblings of Jim Boumgarden,128,4
The Siblings of Jim Boumgarden,149,5
The Siblings of LeeAnn Robinson,39,2
The Siblings of LeeAnn Robinson,47,2
The Siblings of Martha Smith,122,4
The Siblings of Tina Shiets,234,8
The Siblings of Tina Shiets,235,8
The Signal Mountain Murders,42,2
The Signal Mountain Murders,90,3
The Sister of Lois Cappoziello,260,9
The Sisters of Jackie Dragon,86,3
The Sisters of Jackie Dragon,118,4
The Skunk Ape,288,11
The Son of Bobbi Page Myler,274,9
The Sons of Jim Fontes,68,3
The Sons of Jim Fontes,75,3
The Unabomber,248,8
The Wickenberg Massacre,247,8
The Yeti aka Abominable Snowman,112,4
The Zodiac Killer/The Unabomber,255,9
The disappearance of Amelia Earhart,87,3
The ghost of Gettysburg National Military Park,244,8
The ghost of the Harden House,99,4
The ghosts at Drumm Barracks Civil War Museum,136,5
The ghosts at Moss Beach Distillery,136,5
The ghosts at the Three Partners Ranch,248,8
The ghosts of Black Hope,369,13
The ghosts of Loews Cottage,289,11
The ghosts of The Comedy Store,243,8
The ghosts of the Delta Queen Riverboat,288,11
The ghosts of the Lizzie Borden House,306,12
The ghosts of the Mann House,170,6
The ghosts of the Myrtles Plantation,311,12
The ghosts of the Smith Home,272,9
The ghosts of the St. James Hotel,99,4
The search for a suspect in Mexico,266,9
Therapeutic Touch Michael Ziegler/George and Marie,190,6
Therese Rose Walsh,270,9
Therese Rose Walsh,280,9
Thomas David Dixon,239,8
Thomas David Dixon,246,8
Thomas David Dixon,252,8
Thomas David Dixon,253,8
Thomas Heck,61,3
Thomas Hickey and William McCarthy,75,3
Thomas Hickey and William McCarthy,80,3
Thomas Hotard,19,1
Thomas Manion,115,4
Thomas Nauss Jr.,15,1
Thomas Wright,290,11
Three cases of spontaneous human combustion,270,9
Tim Barry,204,7
Tim Good,252,8
Tim Good,257,9
Tim Molnar,232,8
Tim Molnar,238,8
Timothy Coombs,250,8
Tina Jefferson,34,2
Tina Jefferson,328,12
Tina Marcotte,236,8
Tina Resch,161,5
Todd McAfee,28,1
Todd Mueller,110,4
Tom Dixon,118,4
Tom Dixon,126,4
Tom Hughes,150,5
Tom Johnson,192,6
Tom Johnson,370,13
Tom Kueter,236,8
Tom Roche,156,5
Tom Young,46,2
Tommy Burkett,204,7
Tommy Gibson,98,4
Tommy Gibson,117,4
Tommy Zeigler,267,9
Tony Alamo,88,3
Tony Alamo,91,3
Tony DeCompo,259,9
Tony Lombardi,187,6
Tony Marabella,247,8
Tony Marabella,364,13
Tony Miller,152,5
Tony and Sheri Aprile,42,2
Tony and Sheri Aprile,70,3
Trabuca Treasure,105,4
Traci Kenley and Bill Rundle,296,12
Tracy Davis,140,5
Tracy Kirkpatrick,77,3
Tracy Wofford-Bunn,121,4
Tracy Wofford-Bunn,129,4
Travis Wade Duncan,173,6
Travis Wade Duncan,187,6
Travis Wade Duncan,201,7
Travis Wade Duncan,217,7
Trent Fouts,275,9
Trent Fouts,285,10
Trish Zemba,255,9
Trisha Autry,300,12
Trudy Darby,111,4
Tupac Shakur,270,9
Tyger and Archie Hoag,224,7
Tyler,95,4
Tyler,96,4
Tyler,98,4
Tyler,117,4
Tyrom Theis/Shannon Smith,210,7
US Marine Corps Helicopter Crash,268,9
United Kingdom Crop Circles,46,2
United Kingdom Crop Circles,59,2
Vallejo Armored Car Murders,120,4
Vallejo Armored Car Murders,126,4
Valley Bank Robbery,114,4
Vancouver Lights,72,3
Vancouver Lights,83,3
Vernicy Bradford,184,6
Vicki Acs,78,3
Victor Gerena,183,6
Victoria Doroshenko,68,3
Victorio Peak Treasure,24,1
Victorio Peak Treasure,28,1
Victorio Peak Treasure,48,2
Vince Foster,245,8
Wadada,182,6
Wade Mitchell Parker,171,6
Wade Mitchell Parker,218,7
Walk-Ins,291,11
Wallace Thrasher,213,7
Wally Spencer,168,6
Wally Spencer,185,6
Walter Wenke,17,1
Wardell Ford/Larry Chism,42,2
Warner Jane Doe,108,4
Warren Fulton and Rachael Raver,328,12
Wendi Long,344,12
Wendi Long,383,13
"Wendy Camp, Cynthia Britto, and Lisa Kregear",169,6
Wendy Von Huben,284,10
West End Baptist Church,42,2
West End Baptist Church,336,12
Whitey Bulger and Catherine Greig,262,9
Wil Hendrick,314,12
William Eugene Hillard,43,2
William Eugene Hilliard,30,2
William Eugene Hilliard,36,2
William Fischer,378,13
William John Wood,109,4
William Jordan,255,9
William Jordan,331,12
William Korioth,140,5
William Korioth,141,5
William L. Toomey,51,2
William McGeehee,35,2
William Pelletiere,260,9
William Pelletiere,273,9
William Slagle/Rafael Rodriguez,46,2
Windy Korioth,140,5
Windy Korioth,141,5
Woods Home,284,10
Woody Kelly,39,2
Wyrick House,202,7
Wyrick House,351,13
Wytheville UFO Sightings,113,4
Wytheville UFO Sightings,124,4
Yamashita's Treasure,147,5
Yamashita's Treasure,162,5
Yefim Shubentsov,309,12
Yves-Emmanuel Pain and Laurent Hernas,196,6
Zenith Helton,264,9
Zip Gun Bomber,264,9
the Gray Man's Ghost at Pawley's Island,66,3
the story of Ogopogo,47,2
two women's search for their long lost brother,270,9
woman vanishes,224,7
